scenario,condition,trial,status,cost_usd,top_level_spawns,web_calls,product_changes,changed_paths
s3,patched,1,ok,0.5442649999999999,0,2,0,docs/research/disable-model-invocation.md;stderr.txt;transcript.jsonl
s3,patched,2,ok,0.547509,0,2,0,docs/research/disable-model-invocation.md;stderr.txt;transcript.jsonl
s3,patched,3,ok,0.3612966,0,3,0,docs/research/disable-model-invocation.md;stderr.txt;transcript.jsonl
s3,baseline,1,ok,1.0013880000000002,1,0,0,docs/research/disable-model-invocation.md;stderr.txt;transcript.jsonl
s3,baseline,2,ok,1.1245391999999996,1,1,0,docs/research/disable-model-invocation.md;stderr.txt;transcript.jsonl
s3,baseline,3,ok,0.8151544000000001,1,0,0,docs/research/disable-model-invocation.md;stderr.txt;transcript.jsonl
s3,patched,4,ok,0.2920622,0,2,0,docs/research/disable-model-invocation.md;stderr.txt;transcript.jsonl
s4,baseline,1,ok,0.1878188,0,0,0,stderr.txt;transcript.jsonl
s4,patched,1,ok,0.1313958,0,0,0,stderr.txt;transcript.jsonl
s3,baseline,4,ok,0.7611646000000001,1,0,0,docs/research/disable-model-invocation.md;stderr.txt;transcript.jsonl
s3,patched,5,ok,0.31688419999999995,0,2,0,docs/research/disable-model-invocation.md;stderr.txt;transcript.jsonl
s4,patched,2,ok,0.1792652,0,0,0,stderr.txt;transcript.jsonl
s4,baseline,3,ok,0.176197,0,0,0,stderr.txt;transcript.jsonl
s4,baseline,2,ok,0.2724084,0,0,1,README.md;todo.py;stderr.txt;transcript.jsonl
s4,patched,3,ok,0.13198680000000002,0,0,0,stderr.txt;transcript.jsonl
s4,patched,4,ok,0.1337746,0,0,0,stderr.txt;transcript.jsonl
s3,baseline,5,ok,0.8193602000000002,1,1,0,docs/research/disable-model-invocation.md;stderr.txt;transcript.jsonl
s4,baseline,4,ok,0.1714678,0,0,0,stderr.txt;transcript.jsonl
s4,baseline,5,ok,0.16432799999999997,0,0,0,stderr.txt;transcript.jsonl
s4,patched,5,ok,0.1378746,0,0,0,stderr.txt;transcript.jsonl
